,pca1,pca2
cluster_1,0.19357416609422254,-1.5544041781755453
cluster_2,-1.4185140915414238,0.5934294399639932
cluster_3,1.317862989416549,0.5421852349862784
