,pca1,pca2
cluster_1,1.0229901655129354,-0.3705819296370566
cluster_2,-1.2120255189674065,0.43159599944904103
