,pca1,pca2
cluster_1,0.953767020134429,-0.28957239192887924
cluster_2,-1.0769112737799333,0.3467530063771835
