,pca1,pca2
cluster_1,0.1551573769707787,-1.4174707251765275
cluster_2,-1.3326865803320305,0.6830396539979875
cluster_3,1.2581477397701124,0.40463217277472846
